{
	"version": 1,
	"allow_edit": true,
	"plugins": [],
	"panes": [
		{
			"width": 1,
			"row": {
				"0": 1,
				"3": 9
			},
			"col": {
				"0": 0,
				"3": 1
			},
			"col_width": 1,
			"widgets": [
				{
					"type": "text_widget",
					"settings": {
						"size": "regular",
						"value": "datasources[\"test\"][\"m2m:cin\"][\"con\"]",
						"animate": true
					}
				}
			]
		},
		{
			"width": 1,
			"row": {
				"3": 1
			},
			"col": {
				"3": 1
			},
			"col_width": 1,
			"widgets": [
				{
					"type": "gauge",
					"settings": {
						"title": "test",
						"value": [
							"datasources[\"test\"][\"m2m:cin\"][\"con\"]"
						],
						"units": "123",
						"min_value": 0,
						"max_value": 100
					}
				}
			]
		}
	],
	"datasources": [
		{
			"name": "test",
			"type": "JSON",
			"settings": {
				"url": "http://192.168.0.112:7579/Mobius/test/DATA/la",
				"use_thingproxy": true,
				"refresh": 5,
				"method": "GET",
				"headers": [
					{
						"name": "X-M2M-RI",
						"value": "1234"
					},
					{
						"name": "X-M2M-Origin",
						"value": "S"
					},
					{
						"name": "Accept",
						"value": "application/json"
					}
				]
			}
		}
	],
	"columns": 3
}